,BLA_ac,BLA_al,BLA_am,BLA_p,BLA_v,BMA_p,LA
ACAd_1,0.0,2.7433020907802556e-06,3.2919625089363068e-06,1.6459812544681534e-06,0.0,0.0,0.0
ACAd_2/3,1.432413878801313e-06,1.7547070015316085e-05,2.900638104572659e-05,4.655345106104267e-06,3.5810346970032826e-07,0.0,7.162069394006565e-07
ACAd_5,0.0,3.900186428911302e-06,4.387709732525214e-06,4.875233036139128e-07,0.0,0.0,4.875233036139128e-07
ACAd_6a,7.905632051329688e-07,0.0,2.371689615398906e-06,7.905632051329688e-07,0.0,0.0,0.0
ACAd_6b,0.0,0.0,5.659757988748401e-06,0.0,0.0,0.0,0.0
ACAv_1,0.0,0.0,1.652028773935832e-06,0.0,0.0,0.0,0.0
ACAv_2/3,0.0,1.2493274453918973e-06,5.413752263364889e-06,4.1644248179729913e-07,0.0,0.0,0.0
ACAv_6a,1.4262018959928005e-06,0.0,0.0,0.0,0.0,0.0,0.0
