,BLA_al,BLA_am,BLA_ac
(19:l:0:1),0.59999999999999998,0.40000000000000002,1.0
(19:l:0:2),0.59999999999999998,0.40000000000000002,0.0
(19:l:0:3),0.80000000000000004,1.0,0.0
(19:l:0:3),0.80000000000000004,0.80000000000000004,0.0
