,MOp_1,MOp_6a,MOs_1,MOs_2/3,MOs_5,MOs_6a,MOs_6b,PL_1,PL_2,PL_2/3,PL_5,PL_6a,PL_6b
BLA_ac,0.00010976580368126565,0.0018006371485294796,0.0019671929866760776,0.0033016802806297876,0.000663530098219513,0.008314153141556728,0.01114686030501885,0.05628799198892218,0.38396702401840205,0.08456436930057139,0.08045524255625557,0.09469010141245145,0.08029260899976684
BLA_al,0.004497404338104221,0.007790625611563134,0.015274601041630392,0.015464513346536288,0.014004880904657898,0.02307853614362003,0.0014176864798364135,0.06260297442557286,0.11003047423961315,0.06957105474359891,0.13303725976847655,0.052725845890854224,0.004954534856609932
BLA_am,0.000786921025300419,0.00315393962083818,0.016496131133274767,0.02406645946066327,0.010551965625904181,0.019659104339399536,0.004925859802821436,0.06860345947130016,0.2266007370904237,0.07191980298184122,0.07042447436757347,0.05907505594184613,0.00865586383772441
